antecedents,consequents,antecedent support,consequent support,support,confidence,lift,leverage,conviction,zhangs_metric
store:gymshark,country:UK,0.1429,0.4286,0.1429,1.0,2.3333,0.0816,999.0,0.6667
"in_stock:yes, store:gymshark",country:UK,0.1297,0.4286,0.1297,1.0,2.3333,0.0741,999.0,0.6566
store:gymshark,"country:UK, in_stock:yes",0.1429,0.2737,0.1297,0.908,3.3173,0.0906,7.8944,0.815
"price:mid, store:gymshark",country:UK,0.1166,0.4286,0.1166,1.0,2.3333,0.0666,999.0,0.6468
store:gymshark,"country:UK, price:mid",0.1429,0.3857,0.1166,0.816,2.1156,0.0615,3.3385,0.6152
"price:mid, store:gymshark",in_stock:yes,0.1166,0.6109,0.108,0.9265,1.5167,0.0368,5.2923,0.3856
store:gymshark,"in_stock:yes, price:mid",0.1429,0.396,0.108,0.756,1.9091,0.0514,2.4754,0.5556
"country:UK, price:mid, store:gymshark",in_stock:yes,0.1166,0.6109,0.108,0.9265,1.5167,0.0368,5.2923,0.3856
"in_stock:yes, price:mid, store:gymshark",country:UK,0.108,0.4286,0.108,1.0,2.3333,0.0617,999.0,0.6406
"country:UK, store:gymshark","in_stock:yes, price:mid",0.1429,0.396,0.108,0.756,1.9091,0.0514,2.4754,0.5556
"in_stock:yes, store:gymshark","country:UK, price:mid",0.1297,0.3857,0.108,0.8326,2.1586,0.058,3.6695,0.6167
"price:mid, store:gymshark","country:UK, in_stock:yes",0.1166,0.2737,0.108,0.9265,3.3848,0.0761,9.8775,0.7975
store:gymshark,"country:UK, in_stock:yes, price:mid",0.1429,0.2463,0.108,0.756,3.0696,0.0728,3.089,0.7866
country:US,on_promo:yes,0.56,0.3206,0.3131,0.5592,1.7443,0.1336,1.5413,0.9698
on_promo:yes,country:US,0.3206,0.56,0.3131,0.9768,1.7443,0.1336,18.9877,0.6281
on_promo:yes,store:taylorstitch,0.3206,0.3429,0.228,0.7112,2.0744,0.1181,2.2757,0.7623
store:taylorstitch,on_promo:yes,0.3429,0.3206,0.228,0.665,2.0744,0.1181,2.0281,0.7882
"in_stock:yes, on_promo:yes",country:US,0.136,0.56,0.1309,0.9622,1.7182,0.0547,11.6356,0.4838
"in_stock:yes, on_promo:yes, price:mid",country:US,0.0789,0.56,0.0754,0.9565,1.7081,0.0313,10.12,0.45
"in_stock:yes, on_promo:yes","country:US, price:mid",0.136,0.3057,0.0754,0.5546,1.8142,0.0339,1.5589,0.5194
"in_stock:yes, on_promo:yes, store:taylorstitch",country:US,0.0514,0.56,0.0514,1.0,1.7857,0.0226,999.0,0.4639
"country:US, price:mid",on_promo:yes,0.3057,0.3206,0.22,0.7196,2.2448,0.122,2.4233,0.7987
"on_promo:yes, price:mid",country:US,0.2251,0.56,0.22,0.9772,1.7449,0.0939,19.2622,0.551
on_promo:yes,"country:US, price:mid",0.3206,0.3057,0.22,0.6863,2.2448,0.122,2.213,0.8162
"on_promo:yes, price:mid",store:taylorstitch,0.2251,0.3429,0.1743,0.7741,2.2578,0.0971,2.9091,0.719
"price:mid, store:taylorstitch",on_promo:yes,0.2006,0.3206,0.1743,0.8689,2.7106,0.11,5.1843,0.7894
"country:US, on_promo:yes, price:mid",store:taylorstitch,0.22,0.3429,0.1743,0.7922,2.3106,0.0989,3.1625,0.7272
"country:US, price:mid, store:taylorstitch",on_promo:yes,0.2006,0.3206,0.1743,0.8689,2.7106,0.11,5.1843,0.7894
"on_promo:yes, price:mid, store:taylorstitch",country:US,0.1743,0.56,0.1743,1.0,1.7857,0.0767,999.0,0.5329
"country:US, on_promo:yes","price:mid, store:taylorstitch",0.3131,0.2006,0.1743,0.5566,2.7749,0.1115,1.8028,0.9312
"country:US, price:mid","on_promo:yes, store:taylorstitch",0.3057,0.228,0.1743,0.5701,2.5004,0.1046,1.7957,0.8643
"on_promo:yes, store:taylorstitch","country:US, price:mid",0.228,0.3057,0.1743,0.7644,2.5004,0.1046,2.947,0.7773
"on_promo:yes, price:mid","country:US, store:taylorstitch",0.2251,0.3429,0.1743,0.7741,2.2578,0.0971,2.9091,0.719
"price:mid, store:taylorstitch","country:US, on_promo:yes",0.2006,0.3131,0.1743,0.8689,2.7749,0.1115,5.241,0.8001
"country:US, on_promo:yes",store:taylorstitch,0.3131,0.3429,0.228,0.7281,2.1236,0.1206,2.4169,0.7703
"country:US, store:taylorstitch",on_promo:yes,0.3429,0.3206,0.228,0.665,2.0744,0.1181,2.0281,0.7882
"on_promo:yes, store:taylorstitch",country:US,0.228,0.56,0.228,1.0,1.7857,0.1003,999.0,0.5699
on_promo:yes,"country:US, store:taylorstitch",0.3206,0.3429,0.228,0.7112,2.0744,0.1181,2.2757,0.7623
store:taylorstitch,"country:US, on_promo:yes",0.3429,0.3131,0.228,0.665,2.1236,0.1206,2.0503,0.8052
country:UK,category:sportswear,0.4286,0.2857,0.2857,0.6667,2.3333,0.1633,2.1429,1.0
category:sportswear,country:UK,0.2857,0.4286,0.2857,1.0,2.3333,0.1633,999.0,0.8
"country:UK, price:mid",category:sportswear,0.3857,0.2857,0.2691,0.6978,2.4422,0.1589,2.3634,0.9613
"category:sportswear, price:mid",country:UK,0.2691,0.4286,0.2691,1.0,2.3333,0.1538,999.0,0.7819
country:UK,"category:sportswear, price:mid",0.4286,0.2691,0.2691,0.628,2.3333,0.1538,1.9647,1.0
category:sportswear,"country:UK, price:mid",0.2857,0.3857,0.2691,0.942,2.4422,0.1589,10.5911,0.8268
"category:sportswear, in_stock:yes",country:UK,0.144,0.4286,0.144,1.0,2.3333,0.0823,999.0,0.6676
"country:UK, in_stock:yes, price:mid",category:sportswear,0.2463,0.2857,0.1383,0.5615,1.9652,0.0679,1.6289,0.6516
"category:sportswear, in_stock:yes, price:mid",country:UK,0.1383,0.4286,0.1383,1.0,2.3333,0.079,999.0,0.6631
"category:sportswear, in_stock:yes","country:UK, price:mid",0.144,0.3857,0.1383,0.9603,2.4897,0.0827,15.48,0.699
store:oneractive,category:sportswear,0.2857,0.2857,0.2857,1.0,3.5,0.2041,999.0,1.0
category:sportswear,store:oneractive,0.2857,0.2857,0.2857,1.0,3.5,0.2041,999.0,1.0
country:UK,store:oneractive,0.4286,0.2857,0.2857,0.6667,2.3333,0.1633,2.1429,1.0
store:oneractive,country:UK,0.2857,0.4286,0.2857,1.0,2.3333,0.1633,999.0,0.8
"country:UK, store:oneractive",category:sportswear,0.2857,0.2857,0.2857,1.0,3.5,0.2041,999.0,1.0
"category:sportswear, store:oneractive",country:UK,0.2857,0.4286,0.2857,1.0,2.3333,0.1633,999.0,0.8
"category:sportswear, country:UK",store:oneractive,0.2857,0.2857,0.2857,1.0,3.5,0.2041,999.0,1.0
store:oneractive,"category:sportswear, country:UK",0.2857,0.2857,0.2857,1.0,3.5,0.2041,999.0,1.0
country:UK,"category:sportswear, store:oneractive",0.4286,0.2857,0.2857,0.6667,2.3333,0.1633,2.1429,1.0
category:sportswear,"country:UK, store:oneractive",0.2857,0.2857,0.2857,1.0,3.5,0.2041,999.0,1.0
"country:UK, price:mid",store:oneractive,0.3857,0.2857,0.2691,0.6978,2.4422,0.1589,2.3634,0.9613
"price:mid, store:oneractive",country:UK,0.2691,0.4286,0.2691,1.0,2.3333,0.1538,999.0,0.7819
country:UK,"price:mid, store:oneractive",0.4286,0.2691,0.2691,0.628,2.3333,0.1538,1.9647,1.0
store:oneractive,"country:UK, price:mid",0.2857,0.3857,0.2691,0.942,2.4422,0.1589,10.5911,0.8268
"price:mid, store:oneractive",category:sportswear,0.2691,0.2857,0.2691,1.0,3.5,0.1922,999.0,0.9773
"category:sportswear, price:mid",store:oneractive,0.2691,0.2857,0.2691,1.0,3.5,0.1922,999.0,0.9773
store:oneractive,"category:sportswear, price:mid",0.2857,0.2691,0.2691,0.942,3.5,0.1922,12.601,1.0
category:sportswear,"price:mid, store:oneractive",0.2857,0.2691,0.2691,0.942,3.5,0.1922,12.601,1.0
"country:UK, price:mid, store:oneractive",category:sportswear,0.2691,0.2857,0.2691,1.0,3.5,0.1922,999.0,0.9773
"category:sportswear, price:mid, store:oneractive",country:UK,0.2691,0.4286,0.2691,1.0,2.3333,0.1538,999.0,0.7819
"category:sportswear, country:UK, price:mid",store:oneractive,0.2691,0.2857,0.2691,1.0,3.5,0.1922,999.0,0.9773
"price:mid, store:oneractive","category:sportswear, country:UK",0.2691,0.2857,0.2691,1.0,3.5,0.1922,999.0,0.9773
"country:UK, price:mid","category:sportswear, store:oneractive",0.3857,0.2857,0.2691,0.6978,2.4422,0.1589,2.3634,0.9613
"category:sportswear, price:mid","country:UK, store:oneractive",0.2691,0.2857,0.2691,1.0,3.5,0.1922,999.0,0.9773
"country:UK, store:oneractive","category:sportswear, price:mid",0.2857,0.2691,0.2691,0.942,3.5,0.1922,12.601,1.0
"category:sportswear, store:oneractive","country:UK, price:mid",0.2857,0.3857,0.2691,0.942,2.4422,0.1589,10.5911,0.8268
"category:sportswear, country:UK","price:mid, store:oneractive",0.2857,0.2691,0.2691,0.942,3.5,0.1922,12.601,1.0
store:oneractive,"category:sportswear, country:UK, price:mid",0.2857,0.2691,0.2691,0.942,3.5,0.1922,12.601,1.0
country:UK,"category:sportswear, price:mid, store:oneractive",0.4286,0.2691,0.2691,0.628,2.3333,0.1538,1.9647,1.0
category:sportswear,"country:UK, price:mid, store:oneractive",0.2857,0.2691,0.2691,0.942,3.5,0.1922,12.601,1.0
"in_stock:yes, store:oneractive",country:UK,0.144,0.4286,0.144,1.0,2.3333,0.0823,999.0,0.6676
"in_stock:yes, store:oneractive",category:sportswear,0.144,0.2857,0.144,1.0,3.5,0.1029,999.0,0.8344
"category:sportswear, in_stock:yes",store:oneractive,0.144,0.2857,0.144,1.0,3.5,0.1029,999.0,0.8344
"country:UK, in_stock:yes, store:oneractive",category:sportswear,0.144,0.2857,0.144,1.0,3.5,0.1029,999.0,0.8344
"category:sportswear, in_stock:yes, store:oneractive",country:UK,0.144,0.4286,0.144,1.0,2.3333,0.0823,999.0,0.6676
"category:sportswear, country:UK, in_stock:yes",store:oneractive,0.144,0.2857,0.144,1.0,3.5,0.1029,999.0,0.8344
"in_stock:yes, store:oneractive","category:sportswear, country:UK",0.144,0.2857,0.144,1.0,3.5,0.1029,999.0,0.8344
"category:sportswear, in_stock:yes","country:UK, store:oneractive",0.144,0.2857,0.144,1.0,3.5,0.1029,999.0,0.8344
"country:UK, in_stock:yes, price:mid",store:oneractive,0.2463,0.2857,0.1383,0.5615,1.9652,0.0679,1.6289,0.6516
"in_stock:yes, price:mid, store:oneractive",country:UK,0.1383,0.4286,0.1383,1.0,2.3333,0.079,999.0,0.6631
"in_stock:yes, store:oneractive","country:UK, price:mid",0.144,0.3857,0.1383,0.9603,2.4897,0.0827,15.48,0.699
"in_stock:yes, price:mid, store:oneractive",category:sportswear,0.1383,0.2857,0.1383,1.0,3.5,0.0988,999.0,0.8289
"category:sportswear, in_stock:yes, price:mid",store:oneractive,0.1383,0.2857,0.1383,1.0,3.5,0.0988,999.0,0.8289
"in_stock:yes, store:oneractive","category:sportswear, price:mid",0.144,0.2691,0.1383,0.9603,3.5681,0.0995,18.4176,0.8408
"category:sportswear, in_stock:yes","price:mid, store:oneractive",0.144,0.2691,0.1383,0.9603,3.5681,0.0995,18.4176,0.8408
"category:sportswear, country:UK, in_stock:yes, price:mid",store:oneractive,0.1383,0.2857,0.1383,1.0,3.5,0.0988,999.0,0.8289
"country:UK, in_stock:yes, price:mid, store:oneractive",category:sportswear,0.1383,0.2857,0.1383,1.0,3.5,0.0988,999.0,0.8289
"category:sportswear, in_stock:yes, price:mid, store:oneractive",country:UK,0.1383,0.4286,0.1383,1.0,2.3333,0.079,999.0,0.6631
"category:sportswear, country:UK, in_stock:yes","price:mid, store:oneractive",0.144,0.2691,0.1383,0.9603,3.5681,0.0995,18.4176,0.8408
"country:UK, in_stock:yes, price:mid","category:sportswear, store:oneractive",0.2463,0.2857,0.1383,0.5615,1.9652,0.0679,1.6289,0.6516
"country:UK, in_stock:yes, store:oneractive","category:sportswear, price:mid",0.144,0.2691,0.1383,0.9603,3.5681,0.0995,18.4176,0.8408
"category:sportswear, in_stock:yes, price:mid","country:UK, store:oneractive",0.1383,0.2857,0.1383,1.0,3.5,0.0988,999.0,0.8289
"category:sportswear, in_stock:yes, store:oneractive","country:UK, price:mid",0.144,0.3857,0.1383,0.9603,2.4897,0.0827,15.48,0.699
"in_stock:yes, price:mid, store:oneractive","category:sportswear, country:UK",0.1383,0.2857,0.1383,1.0,3.5,0.0988,999.0,0.8289
"category:sportswear, in_stock:yes","country:UK, price:mid, store:oneractive",0.144,0.2691,0.1383,0.9603,3.5681,0.0995,18.4176,0.8408
"in_stock:yes, store:oneractive","category:sportswear, country:UK, price:mid",0.144,0.2691,0.1383,0.9603,3.5681,0.0995,18.4176,0.8408
country:US,store:taylorstitch,0.56,0.3429,0.3429,0.6122,1.7857,0.1509,1.6947,1.0
store:taylorstitch,country:US,0.3429,0.56,0.3429,1.0,1.7857,0.1509,999.0,0.6696
"country:US, price:mid",store:taylorstitch,0.3057,0.3429,0.2006,0.6561,1.9136,0.0958,1.9107,0.6876
"price:mid, store:taylorstitch",country:US,0.2006,0.56,0.2006,1.0,1.7857,0.0883,999.0,0.5504
store:taylorstitch,"country:US, price:mid",0.3429,0.3057,0.2006,0.585,1.9136,0.0958,1.673,0.7265
"in_stock:yes, store:taylorstitch",country:US,0.1229,0.56,0.1229,1.0,1.7857,0.0541,999.0,0.5016
"in_stock:yes, price:mid, store:taylorstitch",country:US,0.0526,0.56,0.0526,1.0,1.7857,0.0231,999.0,0.4644
category:wovens,store:taylorstitch,0.1051,0.3429,0.1051,1.0,2.9167,0.0691,999.0,0.7344
category:wovens,country:US,0.1051,0.56,0.1051,1.0,1.7857,0.0463,999.0,0.4917
category:wovens,on_promo:yes,0.1051,0.3206,0.0823,0.7826,2.4413,0.0486,3.1254,0.6597
"category:wovens, country:US",store:taylorstitch,0.1051,0.3429,0.1051,1.0,2.9167,0.0691,999.0,0.7344
"category:wovens, store:taylorstitch",country:US,0.1051,0.56,0.1051,1.0,1.7857,0.0463,999.0,0.4917
category:wovens,"country:US, store:taylorstitch",0.1051,0.3429,0.1051,1.0,2.9167,0.0691,999.0,0.7344
"category:wovens, store:taylorstitch",on_promo:yes,0.1051,0.3206,0.0823,0.7826,2.4413,0.0486,3.1254,0.6597
"category:wovens, on_promo:yes",store:taylorstitch,0.0823,0.3429,0.0823,1.0,2.9167,0.0541,999.0,0.7161
category:wovens,"on_promo:yes, store:taylorstitch",0.1051,0.228,0.0823,0.7826,3.4325,0.0583,3.5512,0.7919
"category:wovens, price:mid",store:taylorstitch,0.0771,0.3429,0.0771,1.0,2.9167,0.0507,999.0,0.7121
category:wovens,"price:mid, store:taylorstitch",0.1051,0.2006,0.0771,0.7337,3.658,0.0561,3.0019,0.812
"category:wovens, country:US",on_promo:yes,0.1051,0.3206,0.0823,0.7826,2.4413,0.0486,3.1254,0.6597
"category:wovens, on_promo:yes",country:US,0.0823,0.56,0.0823,1.0,1.7857,0.0362,999.0,0.4795
category:wovens,"country:US, on_promo:yes",0.1051,0.3131,0.0823,0.7826,2.4992,0.0494,3.1595,0.6704
"category:wovens, price:mid",country:US,0.0771,0.56,0.0771,1.0,1.7857,0.0339,999.0,0.4768
category:wovens,"country:US, price:mid",0.1051,0.3057,0.0771,0.7337,2.3999,0.045,2.6071,0.6519
"category:wovens, price:mid",on_promo:yes,0.0771,0.3206,0.0771,1.0,3.1194,0.0524,999.0,0.7362
category:wovens,"on_promo:yes, price:mid",0.1051,0.2251,0.0771,0.7337,3.2588,0.0535,2.9097,0.7746
"category:wovens, country:US, on_promo:yes",store:taylorstitch,0.0823,0.3429,0.0823,1.0,2.9167,0.0541,999.0,0.7161
"category:wovens, country:US, store:taylorstitch",on_promo:yes,0.1051,0.3206,0.0823,0.7826,2.4413,0.0486,3.1254,0.6597
"category:wovens, on_promo:yes, store:taylorstitch",country:US,0.0823,0.56,0.0823,1.0,1.7857,0.0362,999.0,0.4795
"category:wovens, country:US","on_promo:yes, store:taylorstitch",0.1051,0.228,0.0823,0.7826,3.4325,0.0583,3.5512,0.7919
"category:wovens, on_promo:yes","country:US, store:taylorstitch",0.0823,0.3429,0.0823,1.0,2.9167,0.0541,999.0,0.7161
"category:wovens, store:taylorstitch","country:US, on_promo:yes",0.1051,0.3131,0.0823,0.7826,2.4992,0.0494,3.1595,0.6704
category:wovens,"country:US, on_promo:yes, store:taylorstitch",0.1051,0.228,0.0823,0.7826,3.4325,0.0583,3.5512,0.7919
"category:wovens, country:US, price:mid",store:taylorstitch,0.0771,0.3429,0.0771,1.0,2.9167,0.0507,999.0,0.7121
"category:wovens, price:mid, store:taylorstitch",country:US,0.0771,0.56,0.0771,1.0,1.7857,0.0339,999.0,0.4768
"category:wovens, country:US","price:mid, store:taylorstitch",0.1051,0.2006,0.0771,0.7337,3.658,0.0561,3.0019,0.812
"category:wovens, store:taylorstitch","country:US, price:mid",0.1051,0.3057,0.0771,0.7337,2.3999,0.045,2.6071,0.6519
"category:wovens, price:mid","country:US, store:taylorstitch",0.0771,0.3429,0.0771,1.0,2.9167,0.0507,999.0,0.7121
category:wovens,"country:US, price:mid, store:taylorstitch",0.1051,0.2006,0.0771,0.7337,3.658,0.0561,3.0019,0.812
"category:wovens, price:mid, store:taylorstitch",on_promo:yes,0.0771,0.3206,0.0771,1.0,3.1194,0.0524,999.0,0.7362
"category:wovens, on_promo:yes, price:mid",store:taylorstitch,0.0771,0.3429,0.0771,1.0,2.9167,0.0507,999.0,0.7121
"category:wovens, store:taylorstitch","on_promo:yes, price:mid",0.1051,0.2251,0.0771,0.7337,3.2588,0.0535,2.9097,0.7746
"category:wovens, on_promo:yes","price:mid, store:taylorstitch",0.0823,0.2006,0.0771,0.9375,4.6741,0.0606,12.7909,0.8565
"category:wovens, price:mid","on_promo:yes, store:taylorstitch",0.0771,0.228,0.0771,1.0,4.386,0.0596,999.0,0.8365
category:wovens,"on_promo:yes, price:mid, store:taylorstitch",0.1051,0.1743,0.0771,0.7337,4.2097,0.0588,3.1006,0.852
"category:wovens, country:US, price:mid",on_promo:yes,0.0771,0.3206,0.0771,1.0,3.1194,0.0524,999.0,0.7362
"category:wovens, on_promo:yes, price:mid",country:US,0.0771,0.56,0.0771,1.0,1.7857,0.0339,999.0,0.4768
"category:wovens, country:US","on_promo:yes, price:mid",0.1051,0.2251,0.0771,0.7337,3.2588,0.0535,2.9097,0.7746
"category:wovens, on_promo:yes","country:US, price:mid",0.0823,0.3057,0.0771,0.9375,3.0666,0.052,11.1086,0.7343
"category:wovens, price:mid","country:US, on_promo:yes",0.0771,0.3131,0.0771,1.0,3.1934,0.053,999.0,0.7443
category:wovens,"country:US, on_promo:yes, price:mid",0.1051,0.22,0.0771,0.7337,3.335,0.054,2.929,0.7824
"category:wovens, country:US, on_promo:yes, price:mid",store:taylorstitch,0.0771,0.3429,0.0771,1.0,2.9167,0.0507,999.0,0.7121
"category:wovens, country:US, price:mid, store:taylorstitch",on_promo:yes,0.0771,0.3206,0.0771,1.0,3.1194,0.0524,999.0,0.7362
"category:wovens, on_promo:yes, price:mid, store:taylorstitch",country:US,0.0771,0.56,0.0771,1.0,1.7857,0.0339,999.0,0.4768
"category:wovens, country:US, price:mid","on_promo:yes, store:taylorstitch",0.0771,0.228,0.0771,1.0,4.386,0.0596,999.0,0.8365
"category:wovens, on_promo:yes, price:mid","country:US, store:taylorstitch",0.0771,0.3429,0.0771,1.0,2.9167,0.0507,999.0,0.7121
"category:wovens, price:mid, store:taylorstitch","country:US, on_promo:yes",0.0771,0.3131,0.0771,1.0,3.1934,0.053,999.0,0.7443
"category:wovens, country:US, on_promo:yes","price:mid, store:taylorstitch",0.0823,0.2006,0.0771,0.9375,4.6741,0.0606,12.7909,0.8565
"category:wovens, country:US, store:taylorstitch","on_promo:yes, price:mid",0.1051,0.2251,0.0771,0.7337,3.2588,0.0535,2.9097,0.7746
"category:wovens, on_promo:yes, store:taylorstitch","country:US, price:mid",0.0823,0.3057,0.0771,0.9375,3.0666,0.052,11.1086,0.7343
"category:wovens, price:mid","country:US, on_promo:yes, store:taylorstitch",0.0771,0.228,0.0771,1.0,4.386,0.0596,999.0,0.8365
"category:wovens, country:US","on_promo:yes, price:mid, store:taylorstitch",0.1051,0.1743,0.0771,0.7337,4.2097,0.0588,3.1006,0.852
"category:wovens, on_promo:yes","country:US, price:mid, store:taylorstitch",0.0823,0.2006,0.0771,0.9375,4.6741,0.0606,12.7909,0.8565
"category:wovens, store:taylorstitch","country:US, on_promo:yes, price:mid",0.1051,0.22,0.0771,0.7337,3.335,0.054,2.929,0.7824
category:wovens,"country:US, on_promo:yes, price:mid, store:taylorstitch",0.1051,0.1743,0.0771,0.7337,4.2097,0.0588,3.1006,0.852
category:accessories,country:US,0.0629,0.56,0.0629,1.0,1.7857,0.0277,999.0,0.4695
category:accessories,store:taylorstitch,0.0629,0.3429,0.0594,0.9455,2.7576,0.0379,12.0476,0.6801
"category:accessories, country:US",store:taylorstitch,0.0629,0.3429,0.0594,0.9455,2.7576,0.0379,12.0476,0.6801
"category:accessories, store:taylorstitch",country:US,0.0594,0.56,0.0594,1.0,1.7857,0.0261,999.0,0.4678
category:accessories,"country:US, store:taylorstitch",0.0629,0.3429,0.0594,0.9455,2.7576,0.0379,12.0476,0.6801
category:knits,store:taylorstitch,0.0794,0.3429,0.0794,1.0,2.9167,0.0522,999.0,0.7138
category:knits,country:US,0.0794,0.56,0.0794,1.0,1.7857,0.0349,999.0,0.478
category:knits,on_promo:yes,0.0794,0.3206,0.0531,0.6691,2.0871,0.0277,2.0531,0.5658
"category:knits, country:US",store:taylorstitch,0.0794,0.3429,0.0794,1.0,2.9167,0.0522,999.0,0.7138
"category:knits, store:taylorstitch",country:US,0.0794,0.56,0.0794,1.0,1.7857,0.0349,999.0,0.478
category:knits,"country:US, store:taylorstitch",0.0794,0.3429,0.0794,1.0,2.9167,0.0522,999.0,0.7138
"category:knits, price:mid",country:US,0.0549,0.56,0.0549,1.0,1.7857,0.0241,999.0,0.4655
category:knits,"country:US, price:mid",0.0794,0.3057,0.0549,0.6906,2.2591,0.0306,2.2443,0.6054
"category:knits, price:mid",store:taylorstitch,0.0549,0.3429,0.0549,1.0,2.9167,0.036,999.0,0.6953
category:knits,"price:mid, store:taylorstitch",0.0794,0.2006,0.0549,0.6906,3.4434,0.0389,2.5842,0.7708
"category:knits, country:US, price:mid",store:taylorstitch,0.0549,0.3429,0.0549,1.0,2.9167,0.036,999.0,0.6953
"category:knits, price:mid, store:taylorstitch",country:US,0.0549,0.56,0.0549,1.0,1.7857,0.0241,999.0,0.4655
"category:knits, country:US","price:mid, store:taylorstitch",0.0794,0.2006,0.0549,0.6906,3.4434,0.0389,2.5842,0.7708
"category:knits, store:taylorstitch","country:US, price:mid",0.0794,0.3057,0.0549,0.6906,2.2591,0.0306,2.2443,0.6054
"category:knits, price:mid","country:US, store:taylorstitch",0.0549,0.3429,0.0549,1.0,2.9167,0.036,999.0,0.6953
category:knits,"country:US, price:mid, store:taylorstitch",0.0794,0.2006,0.0549,0.6906,3.4434,0.0389,2.5842,0.7708
"category:knits, country:US",on_promo:yes,0.0794,0.3206,0.0531,0.6691,2.0871,0.0277,2.0531,0.5658
"category:knits, on_promo:yes",country:US,0.0531,0.56,0.0531,1.0,1.7857,0.0234,999.0,0.4647
category:knits,"country:US, on_promo:yes",0.0794,0.3131,0.0531,0.6691,2.1366,0.0283,2.0755,0.5779
"category:knits, on_promo:yes",store:taylorstitch,0.0531,0.3429,0.0531,1.0,2.9167,0.0349,999.0,0.694
"category:knits, store:taylorstitch",on_promo:yes,0.0794,0.3206,0.0531,0.6691,2.0871,0.0277,2.0531,0.5658
category:knits,"on_promo:yes, store:taylorstitch",0.0794,0.228,0.0531,0.6691,2.9345,0.035,2.3328,0.7161
"category:knits, country:US, on_promo:yes",store:taylorstitch,0.0531,0.3429,0.0531,1.0,2.9167,0.0349,999.0,0.694
"category:knits, country:US, store:taylorstitch",on_promo:yes,0.0794,0.3206,0.0531,0.6691,2.0871,0.0277,2.0531,0.5658
"category:knits, on_promo:yes, store:taylorstitch",country:US,0.0531,0.56,0.0531,1.0,1.7857,0.0234,999.0,0.4647
"category:knits, country:US","on_promo:yes, store:taylorstitch",0.0794,0.228,0.0531,0.6691,2.9345,0.035,2.3328,0.7161
"category:knits, on_promo:yes","country:US, store:taylorstitch",0.0531,0.3429,0.0531,1.0,2.9167,0.0349,999.0,0.694
"category:knits, store:taylorstitch","country:US, on_promo:yes",0.0794,0.3131,0.0531,0.6691,2.1366,0.0283,2.0755,0.5779
category:knits,"country:US, on_promo:yes, store:taylorstitch",0.0794,0.228,0.0531,0.6691,2.9345,0.035,2.3328,0.7161
category:bottoms,store:taylorstitch,0.0594,0.3429,0.0594,1.0,2.9167,0.0391,999.0,0.6987
category:bottoms,country:US,0.0594,0.56,0.0594,1.0,1.7857,0.0261,999.0,0.4678
"category:bottoms, country:US",store:taylorstitch,0.0594,0.3429,0.0594,1.0,2.9167,0.0391,999.0,0.6987
"category:bottoms, store:taylorstitch",country:US,0.0594,0.56,0.0594,1.0,1.7857,0.0261,999.0,0.4678
category:bottoms,"country:US, store:taylorstitch",0.0594,0.3429,0.0594,1.0,2.9167,0.0391,999.0,0.6987
price:high,country:US,0.18,0.56,0.1754,0.9746,1.7404,0.0746,17.325,0.5188
price:high,store:taylorstitch,0.18,0.3429,0.1291,0.7175,2.0926,0.0674,2.3258,0.6367
"country:US, price:high",store:taylorstitch,0.1754,0.3429,0.1291,0.7362,2.1471,0.069,2.4907,0.6479
"price:high, store:taylorstitch",country:US,0.1291,0.56,0.1291,1.0,1.7857,0.0568,999.0,0.5052
price:high,"country:US, store:taylorstitch",0.18,0.3429,0.1291,0.7175,2.0926,0.0674,2.3258,0.6367
"in_stock:yes, price:high",country:US,0.1154,0.56,0.1109,0.9604,1.715,0.0462,11.11,0.4713
price:high,"country:US, in_stock:yes",0.18,0.3257,0.1109,0.6159,1.8908,0.0522,1.7554,0.5746
"in_stock:yes, price:high",store:taylorstitch,0.1154,0.3429,0.0651,0.5644,1.646,0.0256,1.5084,0.4437
"country:US, in_stock:yes, price:high",store:taylorstitch,0.1109,0.3429,0.0651,0.5876,1.7139,0.0271,1.5936,0.4685
"in_stock:yes, price:high, store:taylorstitch",country:US,0.0651,0.56,0.0651,1.0,1.7857,0.0287,999.0,0.4707
"in_stock:yes, price:high","country:US, store:taylorstitch",0.1154,0.3429,0.0651,0.5644,1.646,0.0256,1.5084,0.4437
"on_promo:yes, price:high",country:US,0.0777,0.56,0.0777,1.0,1.7857,0.0342,999.0,0.4771
store:kyliecosmetics,country:US,0.1394,0.56,0.1394,1.0,1.7857,0.0613,999.0,0.5113
store:kyliecosmetics,in_stock:yes,0.1394,0.6109,0.1383,0.9918,1.6236,0.0531,47.4754,0.4463
"country:US, store:kyliecosmetics",in_stock:yes,0.1394,0.6109,0.1383,0.9918,1.6236,0.0531,47.4754,0.4463
"in_stock:yes, store:kyliecosmetics",country:US,0.1383,0.56,0.1383,1.0,1.7857,0.0608,999.0,0.5106
store:kyliecosmetics,"country:US, in_stock:yes",0.1394,0.3257,0.1383,0.9918,3.045,0.0929,82.2629,0.7804
"on_promo:yes, store:kyliecosmetics",in_stock:yes,0.0646,0.6109,0.0646,1.0,1.637,0.0251,999.0,0.416
"on_promo:yes, store:kyliecosmetics",country:US,0.0646,0.56,0.0646,1.0,1.7857,0.0284,999.0,0.4704
"country:US, on_promo:yes, store:kyliecosmetics",in_stock:yes,0.0646,0.6109,0.0646,1.0,1.637,0.0251,999.0,0.416
"in_stock:yes, on_promo:yes, store:kyliecosmetics",country:US,0.0646,0.56,0.0646,1.0,1.7857,0.0284,999.0,0.4704
"on_promo:yes, store:kyliecosmetics","country:US, in_stock:yes",0.0646,0.3257,0.0646,1.0,3.0702,0.0435,999.0,0.7208
"price:mid, store:kyliecosmetics",in_stock:yes,0.0554,0.6109,0.0554,1.0,1.637,0.0216,999.0,0.412
"price:mid, store:kyliecosmetics",country:US,0.0554,0.56,0.0554,1.0,1.7857,0.0244,999.0,0.4658
"country:US, price:mid, store:kyliecosmetics",in_stock:yes,0.0554,0.6109,0.0554,1.0,1.637,0.0216,999.0,0.412
"in_stock:yes, price:mid, store:kyliecosmetics",country:US,0.0554,0.56,0.0554,1.0,1.7857,0.0244,999.0,0.4658
"price:mid, store:kyliecosmetics","country:US, in_stock:yes",0.0554,0.3257,0.0554,1.0,3.0702,0.0374,999.0,0.7139
category:bundle,store:kyliecosmetics,0.0634,0.1394,0.0634,1.0,7.1721,0.0546,999.0,0.9189
category:bundle,on_promo:yes,0.0634,0.3206,0.0634,1.0,3.1194,0.0431,999.0,0.7254
category:bundle,country:US,0.0634,0.56,0.0634,1.0,1.7857,0.0279,999.0,0.4698
category:bundle,in_stock:yes,0.0634,0.6109,0.0634,1.0,1.637,0.0247,999.0,0.4155
"category:bundle, store:kyliecosmetics",on_promo:yes,0.0634,0.3206,0.0634,1.0,3.1194,0.0431,999.0,0.7254
"category:bundle, on_promo:yes",store:kyliecosmetics,0.0634,0.1394,0.0634,1.0,7.1721,0.0546,999.0,0.9189
"category:bundle, store:kyliecosmetics",country:US,0.0634,0.56,0.0634,1.0,1.7857,0.0279,999.0,0.4698
"category:bundle, country:US",store:kyliecosmetics,0.0634,0.1394,0.0634,1.0,7.1721,0.0546,999.0,0.9189
category:bundle,"country:US, store:kyliecosmetics",0.0634,0.1394,0.0634,1.0,7.1721,0.0546,999.0,0.9189
"category:bundle, store:kyliecosmetics",in_stock:yes,0.0634,0.6109,0.0634,1.0,1.637,0.0247,999.0,0.4155
"category:bundle, in_stock:yes",store:kyliecosmetics,0.0634,0.1394,0.0634,1.0,7.1721,0.0546,999.0,0.9189
category:bundle,"in_stock:yes, store:kyliecosmetics",0.0634,0.1383,0.0634,1.0,7.2314,0.0547,999.0,0.9201
"category:bundle, country:US",on_promo:yes,0.0634,0.3206,0.0634,1.0,3.1194,0.0431,999.0,0.7254
"category:bundle, on_promo:yes",country:US,0.0634,0.56,0.0634,1.0,1.7857,0.0279,999.0,0.4698
category:bundle,"country:US, on_promo:yes",0.0634,0.3131,0.0634,1.0,3.1934,0.0436,999.0,0.7334
"category:bundle, on_promo:yes",in_stock:yes,0.0634,0.6109,0.0634,1.0,1.637,0.0247,999.0,0.4155
"category:bundle, in_stock:yes",on_promo:yes,0.0634,0.3206,0.0634,1.0,3.1194,0.0431,999.0,0.7254
category:bundle,"in_stock:yes, on_promo:yes",0.0634,0.136,0.0634,1.0,7.3529,0.0548,999.0,0.9225
"category:bundle, country:US",in_stock:yes,0.0634,0.6109,0.0634,1.0,1.637,0.0247,999.0,0.4155
"category:bundle, in_stock:yes",country:US,0.0634,0.56,0.0634,1.0,1.7857,0.0279,999.0,0.4698
category:bundle,"country:US, in_stock:yes",0.0634,0.3257,0.0634,1.0,3.0702,0.0428,999.0,0.72
"category:bundle, country:US, store:kyliecosmetics",on_promo:yes,0.0634,0.3206,0.0634,1.0,3.1194,0.0431,999.0,0.7254
"category:bundle, on_promo:yes, store:kyliecosmetics",country:US,0.0634,0.56,0.0634,1.0,1.7857,0.0279,999.0,0.4698
"category:bundle, country:US, on_promo:yes",store:kyliecosmetics,0.0634,0.1394,0.0634,1.0,7.1721,0.0546,999.0,0.9189
"category:bundle, store:kyliecosmetics","country:US, on_promo:yes",0.0634,0.3131,0.0634,1.0,3.1934,0.0436,999.0,0.7334
"category:bundle, on_promo:yes","country:US, store:kyliecosmetics",0.0634,0.1394,0.0634,1.0,7.1721,0.0546,999.0,0.9189
"category:bundle, on_promo:yes, store:kyliecosmetics",in_stock:yes,0.0634,0.6109,0.0634,1.0,1.637,0.0247,999.0,0.4155
"category:bundle, in_stock:yes, store:kyliecosmetics",on_promo:yes,0.0634,0.3206,0.0634,1.0,3.1194,0.0431,999.0,0.7254
"category:bundle, in_stock:yes, on_promo:yes",store:kyliecosmetics,0.0634,0.1394,0.0634,1.0,7.1721,0.0546,999.0,0.9189
"category:bundle, store:kyliecosmetics","in_stock:yes, on_promo:yes",0.0634,0.136,0.0634,1.0,7.3529,0.0548,999.0,0.9225
"category:bundle, on_promo:yes","in_stock:yes, store:kyliecosmetics",0.0634,0.1383,0.0634,1.0,7.2314,0.0547,999.0,0.9201
"category:bundle, country:US, store:kyliecosmetics",in_stock:yes,0.0634,0.6109,0.0634,1.0,1.637,0.0247,999.0,0.4155
"category:bundle, in_stock:yes, store:kyliecosmetics",country:US,0.0634,0.56,0.0634,1.0,1.7857,0.0279,999.0,0.4698
"category:bundle, country:US, in_stock:yes",store:kyliecosmetics,0.0634,0.1394,0.0634,1.0,7.1721,0.0546,999.0,0.9189
"category:bundle, store:kyliecosmetics","country:US, in_stock:yes",0.0634,0.3257,0.0634,1.0,3.0702,0.0428,999.0,0.72
"category:bundle, country:US","in_stock:yes, store:kyliecosmetics",0.0634,0.1383,0.0634,1.0,7.2314,0.0547,999.0,0.9201
"category:bundle, in_stock:yes","country:US, store:kyliecosmetics",0.0634,0.1394,0.0634,1.0,7.1721,0.0546,999.0,0.9189
category:bundle,"country:US, in_stock:yes, store:kyliecosmetics",0.0634,0.1383,0.0634,1.0,7.2314,0.0547,999.0,0.9201
"category:bundle, country:US, on_promo:yes",in_stock:yes,0.0634,0.6109,0.0634,1.0,1.637,0.0247,999.0,0.4155
"category:bundle, country:US, in_stock:yes",on_promo:yes,0.0634,0.3206,0.0634,1.0,3.1194,0.0431,999.0,0.7254
"category:bundle, in_stock:yes, on_promo:yes",country:US,0.0634,0.56,0.0634,1.0,1.7857,0.0279,999.0,0.4698
"category:bundle, country:US","in_stock:yes, on_promo:yes",0.0634,0.136,0.0634,1.0,7.3529,0.0548,999.0,0.9225
"category:bundle, on_promo:yes","country:US, in_stock:yes",0.0634,0.3257,0.0634,1.0,3.0702,0.0428,999.0,0.72
"category:bundle, in_stock:yes","country:US, on_promo:yes",0.0634,0.3131,0.0634,1.0,3.1934,0.0436,999.0,0.7334
category:bundle,"country:US, in_stock:yes, on_promo:yes",0.0634,0.1309,0.0634,1.0,7.6419,0.0551,999.0,0.928
"category:bundle, country:US, in_stock:yes, on_promo:yes",store:kyliecosmetics,0.0634,0.1394,0.0634,1.0,7.1721,0.0546,999.0,0.9189
"category:bundle, country:US, on_promo:yes, store:kyliecosmetics",in_stock:yes,0.0634,0.6109,0.0634,1.0,1.637,0.0247,999.0,0.4155
"category:bundle, country:US, in_stock:yes, store:kyliecosmetics",on_promo:yes,0.0634,0.3206,0.0634,1.0,3.1194,0.0431,999.0,0.7254
"category:bundle, in_stock:yes, on_promo:yes, store:kyliecosmetics",country:US,0.0634,0.56,0.0634,1.0,1.7857,0.0279,999.0,0.4698
"category:bundle, country:US, on_promo:yes","in_stock:yes, store:kyliecosmetics",0.0634,0.1383,0.0634,1.0,7.2314,0.0547,999.0,0.9201
"category:bundle, country:US, store:kyliecosmetics","in_stock:yes, on_promo:yes",0.0634,0.136,0.0634,1.0,7.3529,0.0548,999.0,0.9225
"category:bundle, in_stock:yes, on_promo:yes","country:US, store:kyliecosmetics",0.0634,0.1394,0.0634,1.0,7.1721,0.0546,999.0,0.9189
"category:bundle, on_promo:yes, store:kyliecosmetics","country:US, in_stock:yes",0.0634,0.3257,0.0634,1.0,3.0702,0.0428,999.0,0.72
"category:bundle, in_stock:yes, store:kyliecosmetics","country:US, on_promo:yes",0.0634,0.3131,0.0634,1.0,3.1934,0.0436,999.0,0.7334
"category:bundle, on_promo:yes","country:US, in_stock:yes, store:kyliecosmetics",0.0634,0.1383,0.0634,1.0,7.2314,0.0547,999.0,0.9201
"category:bundle, store:kyliecosmetics","country:US, in_stock:yes, on_promo:yes",0.0634,0.1309,0.0634,1.0,7.6419,0.0551,999.0,0.928
store:satechi,country:US,0.0777,0.56,0.0777,1.0,1.7857,0.0342,999.0,0.4771
"in_stock:yes, store:satechi",country:US,0.0646,0.56,0.0646,1.0,1.7857,0.0284,999.0,0.4704
store:satechi,"country:US, in_stock:yes",0.0777,0.3257,0.0646,0.8309,2.551,0.0393,3.9871,0.6592
"category:knits, in_stock:yes, price:mid",topk:1,0.0223,0.2,0.0103,0.4615,2.3077,0.0058,1.4857,0.5796
"category:knits, in_stock:yes, price:mid, store:taylorstitch",topk:1,0.0223,0.2,0.0103,0.4615,2.3077,0.0058,1.4857,0.5796
"category:knits, country:US, in_stock:yes, price:mid",topk:1,0.0223,0.2,0.0103,0.4615,2.3077,0.0058,1.4857,0.5796
"category:knits, country:US, in_stock:yes, price:mid, store:taylorstitch",topk:1,0.0223,0.2,0.0103,0.4615,2.3077,0.0058,1.4857,0.5796
"category:knits, price:mid, store:taylorstitch",topk:1,0.0549,0.2,0.0217,0.3958,1.9792,0.0107,1.3241,0.5235
"category:knits, price:mid",topk:1,0.0549,0.2,0.0217,0.3958,1.9792,0.0107,1.3241,0.5235
"category:knits, country:US, price:mid",topk:1,0.0549,0.2,0.0217,0.3958,1.9792,0.0107,1.3241,0.5235
"category:knits, country:US, price:mid, store:taylorstitch",topk:1,0.0549,0.2,0.0217,0.3958,1.9792,0.0107,1.3241,0.5235
"country:US, in_stock:yes, price:mid, store:taylorstitch",topk:1,0.0526,0.2,0.0189,0.3587,1.7935,0.0083,1.2475,0.467
"in_stock:yes, price:mid, store:taylorstitch",topk:1,0.0526,0.2,0.0189,0.3587,1.7935,0.0083,1.2475,0.467
"category:knits, country:US, on_promo:yes, price:mid, store:taylorstitch",topk:1,0.04,0.2,0.0143,0.3571,1.7857,0.0063,1.2444,0.4583
"category:knits, country:US, on_promo:yes, price:mid",topk:1,0.04,0.2,0.0143,0.3571,1.7857,0.0063,1.2444,0.4583
"category:knits, on_promo:yes, price:mid, store:taylorstitch",topk:1,0.04,0.2,0.0143,0.3571,1.7857,0.0063,1.2444,0.4583
"category:knits, on_promo:yes, price:mid",topk:1,0.04,0.2,0.0143,0.3571,1.7857,0.0063,1.2444,0.4583
"in_stock:yes, on_promo:yes, price:mid, store:taylorstitch",topk:1,0.0349,0.2,0.012,0.3443,1.7213,0.005,1.22,0.4342
"country:US, in_stock:yes, on_promo:yes, price:mid, store:taylorstitch",topk:1,0.0349,0.2,0.012,0.3443,1.7213,0.005,1.22,0.4342
"price:mid, store:taylorstitch",topk:1,0.2006,0.2,0.0651,0.3248,1.6239,0.025,1.1848,0.4806
"country:US, price:mid, store:taylorstitch",topk:1,0.2006,0.2,0.0651,0.3248,1.6239,0.025,1.1848,0.4806
"on_promo:yes, price:mid, store:taylorstitch",topk:1,0.1743,0.2,0.0549,0.3148,1.5738,0.02,1.1675,0.4415
"country:US, on_promo:yes, price:mid, store:taylorstitch",topk:1,0.1743,0.2,0.0549,0.3148,1.5738,0.02,1.1675,0.4415
"category:knits, country:US, on_promo:yes",topk:1,0.0531,0.2,0.0166,0.3118,1.5591,0.0059,1.1625,0.3787
"category:knits, on_promo:yes, store:taylorstitch",topk:1,0.0531,0.2,0.0166,0.3118,1.5591,0.0059,1.1625,0.3787
"category:knits, country:US, on_promo:yes, store:taylorstitch",topk:1,0.0531,0.2,0.0166,0.3118,1.5591,0.0059,1.1625,0.3787
"category:knits, on_promo:yes",topk:1,0.0531,0.2,0.0166,0.3118,1.5591,0.0059,1.1625,0.3787
"category:bottoms, price:mid, store:taylorstitch",topk:1,0.0406,0.2,0.0126,0.3099,1.5493,0.0045,1.1592,0.3695
"category:bottoms, country:US, price:mid",topk:1,0.0406,0.2,0.0126,0.3099,1.5493,0.0045,1.1592,0.3695
"category:bottoms, price:mid",topk:1,0.0406,0.2,0.0126,0.3099,1.5493,0.0045,1.1592,0.3695
"category:bottoms, on_promo:yes, price:mid",topk:1,0.0406,0.2,0.0126,0.3099,1.5493,0.0045,1.1592,0.3695
"category:bottoms, country:US, price:mid, store:taylorstitch",topk:1,0.0406,0.2,0.0126,0.3099,1.5493,0.0045,1.1592,0.3695
"category:bottoms, country:US, on_promo:yes, price:mid",topk:1,0.0406,0.2,0.0126,0.3099,1.5493,0.0045,1.1592,0.3695
"category:bottoms, on_promo:yes, price:mid, store:taylorstitch",topk:1,0.0406,0.2,0.0126,0.3099,1.5493,0.0045,1.1592,0.3695
"category:bottoms, country:US, on_promo:yes, price:mid, store:taylorstitch",topk:1,0.0406,0.2,0.0126,0.3099,1.5493,0.0045,1.1592,0.3695
"category:knits, store:taylorstitch",topk:1,0.0794,0.2,0.024,0.3022,1.5108,0.0081,1.1464,0.3673
"category:knits, country:US, store:taylorstitch",topk:1,0.0794,0.2,0.024,0.3022,1.5108,0.0081,1.1464,0.3673
"category:knits, country:US",topk:1,0.0794,0.2,0.024,0.3022,1.5108,0.0081,1.1464,0.3673
category:knits,topk:1,0.0794,0.2,0.024,0.3022,1.5108,0.0081,1.1464,0.3673
"category:knits, in_stock:yes, store:taylorstitch",topk:1,0.036,0.2,0.0109,0.3016,1.5079,0.0037,1.1455,0.3494
"category:knits, country:US, in_stock:yes",topk:1,0.036,0.2,0.0109,0.3016,1.5079,0.0037,1.1455,0.3494
"category:knits, country:US, in_stock:yes, store:taylorstitch",topk:1,0.036,0.2,0.0109,0.3016,1.5079,0.0037,1.1455,0.3494
"category:knits, in_stock:yes",topk:1,0.036,0.2,0.0109,0.3016,1.5079,0.0037,1.1455,0.3494
"category:bottoms, country:US, on_promo:yes, store:taylorstitch",topk:1,0.0446,0.2,0.0131,0.2949,1.4744,0.0042,1.1345,0.3367
"category:bottoms, on_promo:yes, store:taylorstitch",topk:1,0.0446,0.2,0.0131,0.2949,1.4744,0.0042,1.1345,0.3367
"category:bottoms, country:US, on_promo:yes",topk:1,0.0446,0.2,0.0131,0.2949,1.4744,0.0042,1.1345,0.3367
"category:bottoms, on_promo:yes",topk:1,0.0446,0.2,0.0131,0.2949,1.4744,0.0042,1.1345,0.3367
"category:wovens, price:mid, store:taylorstitch",topk:1,0.0771,0.2,0.0217,0.2815,1.4074,0.0063,1.1134,0.3137
"category:wovens, price:mid",topk:1,0.0771,0.2,0.0217,0.2815,1.4074,0.0063,1.1134,0.3137
"category:wovens, country:US, price:mid",topk:1,0.0771,0.2,0.0217,0.2815,1.4074,0.0063,1.1134,0.3137
"category:wovens, country:US, price:mid, store:taylorstitch",topk:1,0.0771,0.2,0.0217,0.2815,1.4074,0.0063,1.1134,0.3137
"category:wovens, country:US, on_promo:yes, price:mid",topk:1,0.0771,0.2,0.0217,0.2815,1.4074,0.0063,1.1134,0.3137
"category:wovens, on_promo:yes, price:mid",topk:1,0.0771,0.2,0.0217,0.2815,1.4074,0.0063,1.1134,0.3137
"category:wovens, on_promo:yes, price:mid, store:taylorstitch",topk:1,0.0771,0.2,0.0217,0.2815,1.4074,0.0063,1.1134,0.3137
"category:wovens, country:US, on_promo:yes, price:mid, store:taylorstitch",topk:1,0.0771,0.2,0.0217,0.2815,1.4074,0.0063,1.1134,0.3137
"country:US, on_promo:yes, price:mid",topk:1,0.22,0.2,0.0617,0.2805,1.4026,0.0177,1.1119,0.368
"country:US, price:mid",topk:1,0.3057,0.2,0.0857,0.2804,1.4019,0.0246,1.1117,0.4129
"on_promo:yes, price:mid",topk:1,0.2251,0.2,0.0617,0.2741,1.3706,0.0167,1.1021,0.3489
"on_promo:yes, store:taylorstitch",topk:1,0.228,0.2,0.0617,0.2707,1.3534,0.0161,1.0969,0.3382
"country:US, on_promo:yes, store:taylorstitch",topk:1,0.228,0.2,0.0617,0.2707,1.3534,0.0161,1.0969,0.3382
"country:US, in_stock:yes, on_promo:yes, store:taylorstitch",topk:1,0.0514,0.2,0.0137,0.2667,1.3333,0.0034,1.0909,0.2636
"in_stock:yes, on_promo:yes, store:taylorstitch",topk:1,0.0514,0.2,0.0137,0.2667,1.3333,0.0034,1.0909,0.2636
"category:wovens, on_promo:yes, store:taylorstitch",topk:1,0.0823,0.2,0.0217,0.2639,1.3194,0.0053,1.0868,0.2638
"category:wovens, country:US, on_promo:yes",topk:1,0.0823,0.2,0.0217,0.2639,1.3194,0.0053,1.0868,0.2638
"category:wovens, on_promo:yes",topk:1,0.0823,0.2,0.0217,0.2639,1.3194,0.0053,1.0868,0.2638
"category:wovens, country:US, on_promo:yes, store:taylorstitch",topk:1,0.0823,0.2,0.0217,0.2639,1.3194,0.0053,1.0868,0.2638
price:mid,topk:1,0.6937,0.2,0.1697,0.2446,1.2232,0.031,1.0591,0.5958
"category:bottoms, store:taylorstitch",topk:1,0.0594,0.2,0.0143,0.2404,1.2019,0.0024,1.0532,0.1786
"category:bottoms, country:US",topk:1,0.0594,0.2,0.0143,0.2404,1.2019,0.0024,1.0532,0.1786
category:bottoms,topk:1,0.0594,0.2,0.0143,0.2404,1.2019,0.0024,1.0532,0.1786
"category:bottoms, country:US, store:taylorstitch",topk:1,0.0594,0.2,0.0143,0.2404,1.2019,0.0024,1.0532,0.1786
"country:US, in_stock:yes, price:mid",topk:1,0.1474,0.2,0.0354,0.2403,1.2016,0.0059,1.0531,0.1967
